FolderServerRelativeURL,Users,Permission
/sites/HA-Portal/Building Services Health  Social Care/Working Folder                                                ,HCUC Security - All Staff Users,Edit
/sites/HA-Portal/Building Services Health  Social Care/Applications/Entry Test Materials                             ,HCUC Security - All Staff Users,Edit
/sites/HA-Portal/Building Services Health  Social Care/Applications/Fact Sheets                                      ,HCUC Security - All Staff Users,Edit
/sites/HA-Portal/Building Services Health  Social Care/Applications/Marketing                                        ,HCUC Security - All Staff Users,Edit
/sites/HA-Portal/Building Services Health  Social Care/Applications/Taster Day Materials                             ,HCUC Security - All Staff Users,Edit
/sites/HA-Portal/Building Services Health  Social Care/Impact/Destinations                                           ,HCUC Security - All Staff Users,Edit
/sites/HA-Portal/Building Services Health  Social Care/Impact/Results                                                ,HCUC Security - All Staff Users,Edit
/sites/HA-Portal/Building Services Health  Social Care/Impact/Student Voice                                          ,HCUC Security - All Staff Users,Edit
/sites/HA-Portal/Building Services Health  Social Care/Impact/Value Added & Progress                                 ,HCUC Security - All Staff Users,Edit
/sites/HA-Portal/Building Services Health  Social Care/Quality/Academic Board Papers                                 ,HCUC Security - All Staff Users,Edit
/sites/HA-Portal/Building Services Health  Social Care/Quality/Board Of Study                                        ,HCUC Security - All Staff Users,Edit
/sites/HA-Portal/Building Services Health  Social Care/Quality/Course Reviews                                        ,HCUC Security - All Staff Users,Edit
/sites/HA-Portal/Building Services Health  Social Care/Quality/EV Reports                                            ,HCUC Security - All Staff Users,Edit
/sites/HA-Portal/Building Services Health  Social Care/Quality/Position Papers                                       ,HCUC Security - All Staff Users,Edit
/sites/HA-Portal/Building Services Health  Social Care/Quality/SAR & QIP                                             ,HCUC Security - All Staff Users,Edit
/sites/HA-Portal/Building Services Health  Social Care/School Information/Development Plan                           ,HCUC Security - All Staff Users,Edit
/sites/HA-Portal/Building Services Health  Social Care/School Information/Health & Safety                            ,HCUC Security - All Staff Users,Edit
/sites/HA-Portal/Building Services Health  Social Care/School Information/Organisational Chart                       ,HCUC Security - All Staff Users,Edit
/sites/HA-Portal/Building Services Health  Social Care/School Information/Planning Calendar                          ,HCUC Security - All Staff Users,Edit
/sites/HA-Portal/Building Services Health  Social Care/School Information/School Meetings                            ,HCUC Security - All Staff Users,Edit
/sites/HA-Portal/Building Services Health  Social Care/School Information/Staff Induction                            ,HCUC Security - All Staff Users,Edit
/sites/HA-Portal/Building Services Health  Social Care/School Information/Teaching & Learning Hour                   ,HCUC Security - All Staff Users,Edit
/sites/HA-Portal/Building Services Health  Social Care/Implementation/Art/Assignment Briefs                          ,HCUC Security - All Staff Users,Edit
/sites/HA-Portal/Building Services Health  Social Care/Implementation/Art/Awarding Body Documentation                ,HCUC Security - All Staff Users,Edit
/sites/HA-Portal/Building Services Health  Social Care/Implementation/Art/Communication With Parents                 ,HCUC Security - All Staff Users,Edit
/sites/HA-Portal/Building Services Health  Social Care/Implementation/Art/Curriculum Specific Resources              ,HCUC Security - All Staff Users,Edit
/sites/HA-Portal/Building Services Health  Social Care/Implementation/Art/Directed Learning                          ,HCUC Security - All Staff Users,Edit
/sites/HA-Portal/Building Services Health  Social Care/Implementation/Art/Employer Engagement                        ,HCUC Security - All Staff Users,Edit
/sites/HA-Portal/Building Services Health  Social Care/Implementation/Art/Enrichment                                 ,HCUC Security - All Staff Users,Edit
/sites/HA-Portal/Building Services Health  Social Care/Implementation/Art/IV                                         ,HCUC Security - All Staff Users,Edit
/sites/HA-Portal/Building Services Health  Social Care/Implementation/Art/Learning Support                           ,HCUC Security - All Staff Users,Edit
/sites/HA-Portal/Building Services Health  Social Care/Implementation/Art/Sample Lesson Plans                        ,HCUC Security - All Staff Users,Edit
/sites/HA-Portal/Building Services Health  Social Care/Implementation/Art/Sample Marked Work                         ,HCUC Security - All Staff Users,Edit
/sites/HA-Portal/Building Services Health  Social Care/Implementation/Art/Schemes Of Work                            ,HCUC Security - All Staff Users,Edit
/sites/HA-Portal/Building Services Health  Social Care/Implementation/Art/Student Induction                          ,HCUC Security - All Staff Users,Edit
/sites/HA-Portal/Building Services Health  Social Care/Implementation/Art/Unit - Assessment Plans                    ,HCUC Security - All Staff Users,Edit
/sites/HA-Portal/Building Services Health  Social Care/Implementation/Building Services/Assignment Briefs            ,HCUC Security - All Staff Users,Edit
/sites/HA-Portal/Building Services Health  Social Care/Implementation/Building Services/Awarding Body Documentation  ,HCUC Security - All Staff Users,Edit
/sites/HA-Portal/Building Services Health  Social Care/Implementation/Building Services/Communication With Parents   ,HCUC Security - All Staff Users,Edit
/sites/HA-Portal/Building Services Health  Social Care/Implementation/Building Services/Curriculum Specific Resources,HCUC Security - All Staff Users,Edit
/sites/HA-Portal/Building Services Health  Social Care/Implementation/Building Services/Directed Learning            ,HCUC Security - All Staff Users,Edit
/sites/HA-Portal/Building Services Health  Social Care/Implementation/Building Services/Employer Engagement          ,HCUC Security - All Staff Users,Edit
/sites/HA-Portal/Building Services Health  Social Care/Implementation/Building Services/Enrichment                   ,HCUC Security - All Staff Users,Edit
/sites/HA-Portal/Building Services Health  Social Care/Implementation/Building Services/IV                           ,HCUC Security - All Staff Users,Edit
/sites/HA-Portal/Building Services Health  Social Care/Implementation/Building Services/Learning Support             ,HCUC Security - All Staff Users,Edit
/sites/HA-Portal/Building Services Health  Social Care/Implementation/Building Services/Sample Lesson Plans          ,HCUC Security - All Staff Users,Edit
/sites/HA-Portal/Building Services Health  Social Care/Implementation/Building Services/Sample Marked Work           ,HCUC Security - All Staff Users,Edit
/sites/HA-Portal/Building Services Health  Social Care/Implementation/Building Services/Schemes Of Work              ,HCUC Security - All Staff Users,Edit
/sites/HA-Portal/Building Services Health  Social Care/Implementation/Building Services/Student Induction            ,HCUC Security - All Staff Users,Edit
/sites/HA-Portal/Building Services Health  Social Care/Implementation/Building Services/Unit - Assessment Plans      ,HCUC Security - All Staff Users,Edit
/sites/HA-Portal/Building Services Health  Social Care/Implementation/HSC & EY/Assignment Briefs                     ,HCUC Security - All Staff Users,Edit
/sites/HA-Portal/Building Services Health  Social Care/Implementation/HSC & EY/Awarding Body Documentation           ,HCUC Security - All Staff Users,Edit
/sites/HA-Portal/Building Services Health  Social Care/Implementation/HSC & EY/Communication With Parents            ,HCUC Security - All Staff Users,Edit
/sites/HA-Portal/Building Services Health  Social Care/Implementation/HSC & EY/Curriculum Specific Resources         ,HCUC Security - All Staff Users,Edit
/sites/HA-Portal/Building Services Health  Social Care/Implementation/HSC & EY/Directed Learning                     ,HCUC Security - All Staff Users,Edit
/sites/HA-Portal/Building Services Health  Social Care/Implementation/HSC & EY/Employer Engagement                   ,HCUC Security - All Staff Users,Edit
/sites/HA-Portal/Building Services Health  Social Care/Implementation/HSC & EY/Enrichment                            ,HCUC Security - All Staff Users,Edit
/sites/HA-Portal/Building Services Health  Social Care/Implementation/HSC & EY/IV                                    ,HCUC Security - All Staff Users,Edit
/sites/HA-Portal/Building Services Health  Social Care/Implementation/HSC & EY/Learning Support                      ,HCUC Security - All Staff Users,Edit
/sites/HA-Portal/Building Services Health  Social Care/Implementation/HSC & EY/Sample Lesson Plans                   ,HCUC Security - All Staff Users,Edit
/sites/HA-Portal/Building Services Health  Social Care/Implementation/HSC & EY/Sample Marked Work                    ,HCUC Security - All Staff Users,Edit
/sites/HA-Portal/Building Services Health  Social Care/Implementation/HSC & EY/Schemes Of Work                       ,HCUC Security - All Staff Users,Edit
/sites/HA-Portal/Building Services Health  Social Care/Implementation/HSC & EY/Student Induction                     ,HCUC Security - All Staff Users,Edit
/sites/HA-Portal/Building Services Health  Social Care/Implementation/HSC & EY/Unit - Assessment Plans               ,HCUC Security - All Staff Users,Edit
/sites/HA-Portal/Business Hair Beauty  Sport/Applications/Fact Sheets                    ,HCUC Security - All Staff Users,Edit
/sites/HA-Portal/Business Hair Beauty  Sport/Applications/Entry Test Materials           ,HCUC Security - All Staff Users,Edit
/sites/HA-Portal/Business Hair Beauty  Sport/Applications/Marketing                      ,HCUC Security - All Staff Users,Edit
/sites/HA-Portal/Business Hair Beauty  Sport/Applications/Taster Day Materials           ,HCUC Security - All Staff Users,Edit
/sites/HA-Portal/Business Hair Beauty  Sport/Impact/Student Voice                        ,HCUC Security - All Staff Users,Edit
/sites/HA-Portal/Business Hair Beauty  Sport/Impact/Results                              ,HCUC Security - All Staff Users,Edit
/sites/HA-Portal/Business Hair Beauty  Sport/Impact/Value Added & Progress               ,HCUC Security - All Staff Users,Edit
/sites/HA-Portal/Business Hair Beauty  Sport/Impact/Destinations                         ,HCUC Security - All Staff Users,Edit
/sites/HA-Portal/Business Hair Beauty  Sport/Quality/Academic Board Papers               ,HCUC Security - All Staff Users,Edit
/sites/HA-Portal/Business Hair Beauty  Sport/Quality/Board Of Study                      ,HCUC Security - All Staff Users,Edit
/sites/HA-Portal/Business Hair Beauty  Sport/Quality/SAR & QIP                           ,HCUC Security - All Staff Users,Edit
/sites/HA-Portal/Business Hair Beauty  Sport/Quality/Position Papers                     ,HCUC Security - All Staff Users,Edit
/sites/HA-Portal/Business Hair Beauty  Sport/Quality/EV Reports                          ,HCUC Security - All Staff Users,Edit
/sites/HA-Portal/Business Hair Beauty  Sport/Quality/Course Reviews                      ,HCUC Security - All Staff Users,Edit
/sites/HA-Portal/Business Hair Beauty  Sport/School Information/Health & Safety          ,HCUC Security - All Staff Users,Edit
/sites/HA-Portal/Business Hair Beauty  Sport/School Information/Development Plan         ,HCUC Security - All Staff Users,Edit
/sites/HA-Portal/Business Hair Beauty  Sport/School Information/Teaching & Learning Hour ,HCUC Security - All Staff Users,Edit
/sites/HA-Portal/Business Hair Beauty  Sport/School Information/Organisational Chart     ,HCUC Security - All Staff Users,Edit
/sites/HA-Portal/Business Hair Beauty  Sport/School Information/School Meetings          ,HCUC Security - All Staff Users,Edit
/sites/HA-Portal/Business Hair Beauty  Sport/School Information/Staff Induction          ,HCUC Security - All Staff Users,Edit
/sites/HA-Portal/Business Hair Beauty  Sport/School Information/Planning Calendar        ,HCUC Security - All Staff Users,Edit
/sites/HA-Portal/Business Hair Beauty  Sport/Working Folder                              ,HCUC Security - All Staff Users,Edit
/sites/HA-Portal/Business Hair Beauty  Sport/Implementation/Assignment Briefs            ,HCUC Security - All Staff Users,Edit
/sites/HA-Portal/Business Hair Beauty  Sport/Implementation/Awarding Body Documentation  ,HCUC Security - All Staff Users,Edit
/sites/HA-Portal/Business Hair Beauty  Sport/Implementation/Communication With Parents   ,HCUC Security - All Staff Users,Edit
/sites/HA-Portal/Business Hair Beauty  Sport/Implementation/Curriculum Specific Resources,HCUC Security - All Staff Users,Edit
/sites/HA-Portal/Business Hair Beauty  Sport/Implementation/Directed Learning            ,HCUC Security - All Staff Users,Edit
/sites/HA-Portal/Business Hair Beauty  Sport/Implementation/Employer Engagement          ,HCUC Security - All Staff Users,Edit
/sites/HA-Portal/Business Hair Beauty  Sport/Implementation/Enrichment                   ,HCUC Security - All Staff Users,Edit
/sites/HA-Portal/Business Hair Beauty  Sport/Implementation/IV                           ,HCUC Security - All Staff Users,Edit
/sites/HA-Portal/Business Hair Beauty  Sport/Implementation/Learning Support             ,HCUC Security - All Staff Users,Edit
/sites/HA-Portal/Business Hair Beauty  Sport/Implementation/Sample Lesson Plans          ,HCUC Security - All Staff Users,Edit
/sites/HA-Portal/Business Hair Beauty  Sport/Implementation/Sample Marked Work           ,HCUC Security - All Staff Users,Edit
/sites/HA-Portal/Business Hair Beauty  Sport/Implementation/Schemes Of Work              ,HCUC Security - All Staff Users,Edit
/sites/HA-Portal/Business Hair Beauty  Sport/Implementation/Student Induction            ,HCUC Security - All Staff Users,Edit
/sites/HA-Portal/Business Hair Beauty  Sport/Implementation/Unit - Assessment Plans      ,HCUC Security - All Staff Users,Edit
/sites/HA-Portal/ESOL English  Maths/Applications/Fact Sheets                            ,HCUC Security - All Staff Users,Edit
/sites/HA-Portal/ESOL English  Maths/Applications/Entry Test Materials                   ,HCUC Security - All Staff Users,Edit
/sites/HA-Portal/ESOL English  Maths/Applications/Marketing                              ,HCUC Security - All Staff Users,Edit
/sites/HA-Portal/ESOL English  Maths/Applications/Taster Day Materials                   ,HCUC Security - All Staff Users,Edit
/sites/HA-Portal/ESOL English  Maths/Impact/Student Voice                                ,HCUC Security - All Staff Users,Edit
/sites/HA-Portal/ESOL English  Maths/Impact/Results                                      ,HCUC Security - All Staff Users,Edit
/sites/HA-Portal/ESOL English  Maths/Impact/Value Added & Progress                       ,HCUC Security - All Staff Users,Edit
/sites/HA-Portal/ESOL English  Maths/Impact/Destinations                                 ,HCUC Security - All Staff Users,Edit
/sites/HA-Portal/ESOL English  Maths/Quality/Academic Board Papers                       ,HCUC Security - All Staff Users,Edit
/sites/HA-Portal/ESOL English  Maths/Quality/Board Of Study                              ,HCUC Security - All Staff Users,Edit
/sites/HA-Portal/ESOL English  Maths/Quality/SAR & QIP                                   ,HCUC Security - All Staff Users,Edit
/sites/HA-Portal/ESOL English  Maths/Quality/Position Papers                             ,HCUC Security - All Staff Users,Edit
/sites/HA-Portal/ESOL English  Maths/Quality/EV Reports                                  ,HCUC Security - All Staff Users,Edit
/sites/HA-Portal/ESOL English  Maths/Quality/Course Reviews                              ,HCUC Security - All Staff Users,Edit
/sites/HA-Portal/ESOL English  Maths/School Information/Health & Safety                  ,HCUC Security - All Staff Users,Edit
/sites/HA-Portal/ESOL English  Maths/School Information/Development Plan                 ,HCUC Security - All Staff Users,Edit
/sites/HA-Portal/ESOL English  Maths/School Information/Teaching & Learning Hour         ,HCUC Security - All Staff Users,Edit
/sites/HA-Portal/ESOL English  Maths/School Information/Organisational Chart             ,HCUC Security - All Staff Users,Edit
/sites/HA-Portal/ESOL English  Maths/School Information/School Meetings                  ,HCUC Security - All Staff Users,Edit
/sites/HA-Portal/ESOL English  Maths/School Information/Staff Induction                  ,HCUC Security - All Staff Users,Edit
/sites/HA-Portal/ESOL English  Maths/School Information/Planning Calendar                ,HCUC Security - All Staff Users,Edit
/sites/HA-Portal/ESOL English  Maths/Working Folder                                      ,HCUC Security - All Staff Users,Edit
/sites/HA-Portal/ESOL English  Maths/Implementation/English/Assignment Briefs            ,HCUC Security - All Staff Users,Edit
/sites/HA-Portal/ESOL English  Maths/Implementation/English/Awarding Body Documentation  ,HCUC Security - All Staff Users,Edit
/sites/HA-Portal/ESOL English  Maths/Implementation/English/Communication With Parents   ,HCUC Security - All Staff Users,Edit
/sites/HA-Portal/ESOL English  Maths/Implementation/English/Curriculum Specific Resources,HCUC Security - All Staff Users,Edit
/sites/HA-Portal/ESOL English  Maths/Implementation/English/Directed Learning            ,HCUC Security - All Staff Users,Edit
/sites/HA-Portal/ESOL English  Maths/Implementation/English/Employer Engagement          ,HCUC Security - All Staff Users,Edit
/sites/HA-Portal/ESOL English  Maths/Implementation/English/Enrichment                   ,HCUC Security - All Staff Users,Edit
/sites/HA-Portal/ESOL English  Maths/Implementation/English/IV                           ,HCUC Security - All Staff Users,Edit
/sites/HA-Portal/ESOL English  Maths/Implementation/English/Learning Support             ,HCUC Security - All Staff Users,Edit
/sites/HA-Portal/ESOL English  Maths/Implementation/English/Sample Lesson Plans          ,HCUC Security - All Staff Users,Edit
/sites/HA-Portal/ESOL English  Maths/Implementation/English/Sample Marked Work           ,HCUC Security - All Staff Users,Edit
/sites/HA-Portal/ESOL English  Maths/Implementation/English/Schemes Of Work              ,HCUC Security - All Staff Users,Edit
/sites/HA-Portal/ESOL English  Maths/Implementation/English/Student Induction            ,HCUC Security - All Staff Users,Edit
/sites/HA-Portal/ESOL English  Maths/Implementation/English/Unit - Assessment Plans      ,HCUC Security - All Staff Users,Edit
/sites/HA-Portal/ESOL English  Maths/Implementation/ESOL/Assignment Briefs               ,HCUC Security - All Staff Users,Edit
/sites/HA-Portal/ESOL English  Maths/Implementation/ESOL/Awarding Body Documentation     ,HCUC Security - All Staff Users,Edit
/sites/HA-Portal/ESOL English  Maths/Implementation/ESOL/Communication With Parents      ,HCUC Security - All Staff Users,Edit
/sites/HA-Portal/ESOL English  Maths/Implementation/ESOL/Curriculum Specific Resources   ,HCUC Security - All Staff Users,Edit
/sites/HA-Portal/ESOL English  Maths/Implementation/ESOL/Directed Learning               ,HCUC Security - All Staff Users,Edit
/sites/HA-Portal/ESOL English  Maths/Implementation/ESOL/Employer Engagement             ,HCUC Security - All Staff Users,Edit
/sites/HA-Portal/ESOL English  Maths/Implementation/ESOL/Enrichment                      ,HCUC Security - All Staff Users,Edit
/sites/HA-Portal/ESOL English  Maths/Implementation/ESOL/IV                              ,HCUC Security - All Staff Users,Edit
/sites/HA-Portal/ESOL English  Maths/Implementation/ESOL/Learning Support                ,HCUC Security - All Staff Users,Edit
/sites/HA-Portal/ESOL English  Maths/Implementation/ESOL/Sample Lesson Plans             ,HCUC Security - All Staff Users,Edit
/sites/HA-Portal/ESOL English  Maths/Implementation/ESOL/Sample Marked Work              ,HCUC Security - All Staff Users,Edit
/sites/HA-Portal/ESOL English  Maths/Implementation/ESOL/Schemes Of Work                 ,HCUC Security - All Staff Users,Edit
/sites/HA-Portal/ESOL English  Maths/Implementation/ESOL/Student Induction               ,HCUC Security - All Staff Users,Edit
/sites/HA-Portal/ESOL English  Maths/Implementation/ESOL/Unit - Assessment Plans         ,HCUC Security - All Staff Users,Edit
/sites/HA-Portal/ESOL English  Maths/Implementation/Maths/Assignment Briefs              ,HCUC Security - All Staff Users,Edit
/sites/HA-Portal/ESOL English  Maths/Implementation/Maths/Awarding Body Documentation    ,HCUC Security - All Staff Users,Edit
/sites/HA-Portal/ESOL English  Maths/Implementation/Maths/Communication With Parents     ,HCUC Security - All Staff Users,Edit
/sites/HA-Portal/ESOL English  Maths/Implementation/Maths/Curriculum Specific Resources  ,HCUC Security - All Staff Users,Edit
/sites/HA-Portal/ESOL English  Maths/Implementation/Maths/Directed Learning              ,HCUC Security - All Staff Users,Edit
/sites/HA-Portal/ESOL English  Maths/Implementation/Maths/Employer Engagement            ,HCUC Security - All Staff Users,Edit
/sites/HA-Portal/ESOL English  Maths/Implementation/Maths/Enrichment                     ,HCUC Security - All Staff Users,Edit
/sites/HA-Portal/ESOL English  Maths/Implementation/Maths/IV                             ,HCUC Security - All Staff Users,Edit
/sites/HA-Portal/ESOL English  Maths/Implementation/Maths/Learning Support               ,HCUC Security - All Staff Users,Edit
/sites/HA-Portal/ESOL English  Maths/Implementation/Maths/Sample Lesson Plans            ,HCUC Security - All Staff Users,Edit
/sites/HA-Portal/ESOL English  Maths/Implementation/Maths/Sample Marked Work             ,HCUC Security - All Staff Users,Edit
/sites/HA-Portal/ESOL English  Maths/Implementation/Maths/Schemes Of Work                ,HCUC Security - All Staff Users,Edit
/sites/HA-Portal/ESOL English  Maths/Implementation/Maths/Student Induction              ,HCUC Security - All Staff Users,Edit
/sites/HA-Portal/ESOL English  Maths/Implementation/Maths/Unit - Assessment Plans        ,HCUC Security - All Staff Users,Edit
/sites/HA-Portal/Foundation Learning  Art/Applications/Fact Sheets                    ,HCUC Security - All Staff Users,Edit
/sites/HA-Portal/Foundation Learning  Art/Applications/Entry Test Materials           ,HCUC Security - All Staff Users,Edit
/sites/HA-Portal/Foundation Learning  Art/Applications/Marketing                      ,HCUC Security - All Staff Users,Edit
/sites/HA-Portal/Foundation Learning  Art/Applications/Taster Day Materials           ,HCUC Security - All Staff Users,Edit
/sites/HA-Portal/Foundation Learning  Art/Impact/Student Voice                        ,HCUC Security - All Staff Users,Edit
/sites/HA-Portal/Foundation Learning  Art/Impact/Results                              ,HCUC Security - All Staff Users,Edit
/sites/HA-Portal/Foundation Learning  Art/Impact/Value Added & Progress               ,HCUC Security - All Staff Users,Edit
/sites/HA-Portal/Foundation Learning  Art/Impact/Destinations                         ,HCUC Security - All Staff Users,Edit
/sites/HA-Portal/Foundation Learning  Art/Quality/Academic Board Papers               ,HCUC Security - All Staff Users,Edit
/sites/HA-Portal/Foundation Learning  Art/Quality/Board Of Study                      ,HCUC Security - All Staff Users,Edit
/sites/HA-Portal/Foundation Learning  Art/Quality/SAR & QIP                           ,HCUC Security - All Staff Users,Edit
/sites/HA-Portal/Foundation Learning  Art/Quality/Position Papers                     ,HCUC Security - All Staff Users,Edit
/sites/HA-Portal/Foundation Learning  Art/Quality/EV Reports                          ,HCUC Security - All Staff Users,Edit
/sites/HA-Portal/Foundation Learning  Art/Quality/Course Reviews                      ,HCUC Security - All Staff Users,Edit
/sites/HA-Portal/Foundation Learning  Art/School Information/Health & Safety          ,HCUC Security - All Staff Users,Edit
/sites/HA-Portal/Foundation Learning  Art/School Information/Development Plan         ,HCUC Security - All Staff Users,Edit
/sites/HA-Portal/Foundation Learning  Art/School Information/Teaching & Learning Hour ,HCUC Security - All Staff Users,Edit
/sites/HA-Portal/Foundation Learning  Art/School Information/Organisational Chart     ,HCUC Security - All Staff Users,Edit
/sites/HA-Portal/Foundation Learning  Art/School Information/School Meetings          ,HCUC Security - All Staff Users,Edit
/sites/HA-Portal/Foundation Learning  Art/School Information/Staff Induction          ,HCUC Security - All Staff Users,Edit
/sites/HA-Portal/Foundation Learning  Art/School Information/Planning Calendar        ,HCUC Security - All Staff Users,Edit
/sites/HA-Portal/Foundation Learning  Art/Working Folder                              ,HCUC Security - All Staff Users,Edit
/sites/HA-Portal/Foundation Learning  Art/Implementation/Assignment Briefs            ,HCUC Security - All Staff Users,Edit
/sites/HA-Portal/Foundation Learning  Art/Implementation/Awarding Body Documentation  ,HCUC Security - All Staff Users,Edit
/sites/HA-Portal/Foundation Learning  Art/Implementation/Communication With Parents   ,HCUC Security - All Staff Users,Edit
/sites/HA-Portal/Foundation Learning  Art/Implementation/Curriculum Specific Resources,HCUC Security - All Staff Users,Edit
/sites/HA-Portal/Foundation Learning  Art/Implementation/Directed Learning            ,HCUC Security - All Staff Users,Edit
/sites/HA-Portal/Foundation Learning  Art/Implementation/Employer Engagement          ,HCUC Security - All Staff Users,Edit
/sites/HA-Portal/Foundation Learning  Art/Implementation/Enrichment                   ,HCUC Security - All Staff Users,Edit
/sites/HA-Portal/Foundation Learning  Art/Implementation/IV                           ,HCUC Security - All Staff Users,Edit
/sites/HA-Portal/Foundation Learning  Art/Implementation/Learning Support             ,HCUC Security - All Staff Users,Edit
/sites/HA-Portal/Foundation Learning  Art/Implementation/Sample Lesson Plans          ,HCUC Security - All Staff Users,Edit
/sites/HA-Portal/Foundation Learning  Art/Implementation/Sample Marked Work           ,HCUC Security - All Staff Users,Edit
/sites/HA-Portal/Foundation Learning  Art/Implementation/Schemes Of Work              ,HCUC Security - All Staff Users,Edit
/sites/HA-Portal/Foundation Learning  Art/Implementation/Student Induction            ,HCUC Security - All Staff Users,Edit
/sites/HA-Portal/Foundation Learning  Art/Implementation/Unit - Assessment Plans      ,HCUC Security - All Staff Users,Edit
/sites/HA-Portal/Science IT  Media/Applications/Fact Sheets                            ,HCUC Security - All Staff Users,Edit
/sites/HA-Portal/Science IT  Media/Applications/Entry Test Materials                   ,HCUC Security - All Staff Users,Edit
/sites/HA-Portal/Science IT  Media/Applications/Marketing                              ,HCUC Security - All Staff Users,Edit
/sites/HA-Portal/Science IT  Media/Applications/Taster Day Materials                   ,HCUC Security - All Staff Users,Edit
/sites/HA-Portal/Science IT  Media/Impact/Student Voice                                ,HCUC Security - All Staff Users,Edit
/sites/HA-Portal/Science IT  Media/Impact/Results                                      ,HCUC Security - All Staff Users,Edit
/sites/HA-Portal/Science IT  Media/Impact/Value Added & Progress                       ,HCUC Security - All Staff Users,Edit
/sites/HA-Portal/Science IT  Media/Impact/Destinations                                 ,HCUC Security - All Staff Users,Edit
/sites/HA-Portal/Science IT  Media/Quality/Academic Board Papers                       ,HCUC Security - All Staff Users,Edit
/sites/HA-Portal/Science IT  Media/Quality/Board Of Study                              ,HCUC Security - All Staff Users,Edit
/sites/HA-Portal/Science IT  Media/Quality/SAR & QIP                                   ,HCUC Security - All Staff Users,Edit
/sites/HA-Portal/Science IT  Media/Quality/Position Papers                             ,HCUC Security - All Staff Users,Edit
/sites/HA-Portal/Science IT  Media/Quality/EV Reports                                  ,HCUC Security - All Staff Users,Edit
/sites/HA-Portal/Science IT  Media/Quality/Course Reviews                              ,HCUC Security - All Staff Users,Edit
/sites/HA-Portal/Science IT  Media/School Information/Health & Safety                  ,HCUC Security - All Staff Users,Edit
/sites/HA-Portal/Science IT  Media/School Information/Development Plan                 ,HCUC Security - All Staff Users,Edit
/sites/HA-Portal/Science IT  Media/School Information/Teaching & Learning Hour         ,HCUC Security - All Staff Users,Edit
/sites/HA-Portal/Science IT  Media/School Information/Organisational Chart             ,HCUC Security - All Staff Users,Edit
/sites/HA-Portal/Science IT  Media/School Information/School Meetings                  ,HCUC Security - All Staff Users,Edit
/sites/HA-Portal/Science IT  Media/School Information/Staff Induction                  ,HCUC Security - All Staff Users,Edit
/sites/HA-Portal/Science IT  Media/School Information/Planning Calendar                ,HCUC Security - All Staff Users,Edit
/sites/HA-Portal/Science IT  Media/Working Folder                                      ,HCUC Security - All Staff Users,Edit
/sites/HA-Portal/Science IT  Media/Implementation/IT/Assignment Briefs                 ,HCUC Security - All Staff Users,Edit
/sites/HA-Portal/Science IT  Media/Implementation/IT/Awarding Body Documentation       ,HCUC Security - All Staff Users,Edit
/sites/HA-Portal/Science IT  Media/Implementation/IT/Communication With Parents        ,HCUC Security - All Staff Users,Edit
/sites/HA-Portal/Science IT  Media/Implementation/IT/Curriculum Specific Resources     ,HCUC Security - All Staff Users,Edit
/sites/HA-Portal/Science IT  Media/Implementation/IT/Directed Learning                 ,HCUC Security - All Staff Users,Edit
/sites/HA-Portal/Science IT  Media/Implementation/IT/Employer Engagement               ,HCUC Security - All Staff Users,Edit
/sites/HA-Portal/Science IT  Media/Implementation/IT/Enrichment                        ,HCUC Security - All Staff Users,Edit
/sites/HA-Portal/Science IT  Media/Implementation/IT/IV                                ,HCUC Security - All Staff Users,Edit
/sites/HA-Portal/Science IT  Media/Implementation/IT/Learning Support                  ,HCUC Security - All Staff Users,Edit
/sites/HA-Portal/Science IT  Media/Implementation/IT/Sample Lesson Plans               ,HCUC Security - All Staff Users,Edit
/sites/HA-Portal/Science IT  Media/Implementation/IT/Sample Marked Work                ,HCUC Security - All Staff Users,Edit
/sites/HA-Portal/Science IT  Media/Implementation/IT/Schemes Of Work                   ,HCUC Security - All Staff Users,Edit
/sites/HA-Portal/Science IT  Media/Implementation/IT/Student Induction                 ,HCUC Security - All Staff Users,Edit
/sites/HA-Portal/Science IT  Media/Implementation/IT/Unit - Assessment Plans           ,HCUC Security - All Staff Users,Edit
/sites/HA-Portal/Science IT  Media/Implementation/Media/Assignment Briefs              ,HCUC Security - All Staff Users,Edit
/sites/HA-Portal/Science IT  Media/Implementation/Media/Awarding Body Documentation    ,HCUC Security - All Staff Users,Edit
/sites/HA-Portal/Science IT  Media/Implementation/Media/Communication With Parents     ,HCUC Security - All Staff Users,Edit
/sites/HA-Portal/Science IT  Media/Implementation/Media/Curriculum Specific Resources  ,HCUC Security - All Staff Users,Edit
/sites/HA-Portal/Science IT  Media/Implementation/Media/Directed Learning              ,HCUC Security - All Staff Users,Edit
/sites/HA-Portal/Science IT  Media/Implementation/Media/Employer Engagement            ,HCUC Security - All Staff Users,Edit
/sites/HA-Portal/Science IT  Media/Implementation/Media/Enrichment                     ,HCUC Security - All Staff Users,Edit
/sites/HA-Portal/Science IT  Media/Implementation/Media/IV                             ,HCUC Security - All Staff Users,Edit
/sites/HA-Portal/Science IT  Media/Implementation/Media/Learning Support               ,HCUC Security - All Staff Users,Edit
/sites/HA-Portal/Science IT  Media/Implementation/Media/Sample Lesson Plans            ,HCUC Security - All Staff Users,Edit
/sites/HA-Portal/Science IT  Media/Implementation/Media/Sample Marked Work             ,HCUC Security - All Staff Users,Edit
/sites/HA-Portal/Science IT  Media/Implementation/Media/Schemes Of Work                ,HCUC Security - All Staff Users,Edit
/sites/HA-Portal/Science IT  Media/Implementation/Media/Student Induction              ,HCUC Security - All Staff Users,Edit
/sites/HA-Portal/Science IT  Media/Implementation/Media/Unit - Assessment Plans        ,HCUC Security - All Staff Users,Edit
/sites/HA-Portal/Science IT  Media/Implementation/Science/Assignment Briefs            ,HCUC Security - All Staff Users,Edit
/sites/HA-Portal/Science IT  Media/Implementation/Science/Awarding Body Documentation  ,HCUC Security - All Staff Users,Edit
/sites/HA-Portal/Science IT  Media/Implementation/Science/Communication With Parents   ,HCUC Security - All Staff Users,Edit
/sites/HA-Portal/Science IT  Media/Implementation/Science/Curriculum Specific Resources,HCUC Security - All Staff Users,Edit
/sites/HA-Portal/Science IT  Media/Implementation/Science/Directed Learning            ,HCUC Security - All Staff Users,Edit
/sites/HA-Portal/Science IT  Media/Implementation/Science/Employer Engagement          ,HCUC Security - All Staff Users,Edit
/sites/HA-Portal/Science IT  Media/Implementation/Science/Enrichment                   ,HCUC Security - All Staff Users,Edit
/sites/HA-Portal/Science IT  Media/Implementation/Science/IV                           ,HCUC Security - All Staff Users,Edit
/sites/HA-Portal/Science IT  Media/Implementation/Science/Learning Support             ,HCUC Security - All Staff Users,Edit
/sites/HA-Portal/Science IT  Media/Implementation/Science/Sample Lesson Plans          ,HCUC Security - All Staff Users,Edit
/sites/HA-Portal/Science IT  Media/Implementation/Science/Sample Marked Work           ,HCUC Security - All Staff Users,Edit
/sites/HA-Portal/Science IT  Media/Implementation/Science/Schemes Of Work              ,HCUC Security - All Staff Users,Edit
/sites/HA-Portal/Science IT  Media/Implementation/Science/Student Induction            ,HCUC Security - All Staff Users,Edit
/sites/HA-Portal/Science IT  Media/Implementation/Science/Unit - Assessment Plans      ,HCUC Security - All Staff Users,Edit
